{"cameraMode":{"drawMode":0,"name":"Shaded","section":"Shading Mode"},"sceneLighting":false,"audioPlay":false,"sceneViewState":{"showFog":true,"showMaterialUpdate":false,"showSkybox":true,"showFlares":true,"showImageEffects":true,"showParticleSystems":true},"in2DMode":false,"pivot":{"x":75.9828872680664,"y":33.15188980102539,"z":132.9718017578125},"rotation":{"x":0.033676907420158389,"y":0.9075914621353149,"z":-0.411869615316391,"w":0.07421024143695831},"size":31.778635025024415,"orthographic":false}