{"cameraMode":{"drawMode":0,"name":"Shaded","section":"Shading Mode"},"sceneLighting":false,"audioPlay":false,"sceneViewState":{"showFog":true,"showMaterialUpdate":false,"showSkybox":true,"showFlares":true,"showImageEffects":true,"showParticleSystems":true},"in2DMode":false,"pivot":{"x":111.52896881103516,"y":55.09901428222656,"z":145.91717529296876},"rotation":{"x":0.033676907420158389,"y":0.9075914621353149,"z":-0.411869615316391,"w":0.07421024143695831},"size":7.076355457305908,"orthographic":false}