{"cameraMode":{"drawMode":0,"name":"Shaded","section":"Shading Mode"},"sceneLighting":false,"audioPlay":false,"sceneViewState":{"showFog":true,"showMaterialUpdate":false,"showSkybox":true,"showFlares":true,"showImageEffects":true,"showParticleSystems":true},"in2DMode":false,"pivot":{"x":-0.10114896297454834,"y":1.0928623676300049,"z":0.08359032869338989},"rotation":{"x":-0.033691223710775378,"y":0.9562984108924866,"z":-0.26343998312950137,"w":-0.12230183929204941},"size":4.754056453704834,"orthographic":false}