{"cameraMode":{"drawMode":0,"name":"Shaded","section":"Shading Mode"},"sceneLighting":false,"audioPlay":false,"sceneViewState":{"showFog":true,"showMaterialUpdate":false,"showSkybox":true,"showFlares":true,"showImageEffects":true,"showParticleSystems":true},"in2DMode":false,"pivot":{"x":68.75950622558594,"y":73.92255401611328,"z":73.73715209960938},"rotation":{"x":0.039081547409296039,"y":0.9275854825973511,"z":-0.3574531376361847,"w":0.10141552984714508},"size":34.85890579223633,"orthographic":false}