{"cameraMode":{"drawMode":0,"name":"Shaded","section":"Shading Mode"},"sceneLighting":false,"audioPlay":false,"sceneViewState":{"showFog":true,"showMaterialUpdate":false,"showSkybox":true,"showFlares":true,"showImageEffects":true,"showParticleSystems":true},"in2DMode":false,"pivot":{"x":-0.09020248055458069,"y":1.0754706859588624,"z":0.07902544736862183},"rotation":{"x":-0.033691223710775378,"y":0.9562984108924866,"z":-0.26343998312950137,"w":-0.12230183929204941},"size":4.94011926651001,"orthographic":false}